draught,volume,displacement,Aw,Am,LCB,LCF,KB,BMt,BMl,KMt,Cb,Cw,Cm,Cp,TPC,MCT1cm
0.700000,249.823138,256.068716,519.145085,3.041382,0.979527,0.979527,0.414840,5.036564,1485.614965,5.451405,0.165227,0.240345,0.241380,0.684511,5.321237,31.701626
1.015000,428.893785,439.616130,614.664086,5.221413,0.979527,0.979527,0.601519,4.869278,1024.562045,5.470796,0.195628,0.284567,0.285792,0.684511,6.300307,37.534500
1.330000,635.466181,651.352835,695.016202,7.736254,0.979527,0.979527,0.788197,4.751089,781.902613,5.539285,0.221201,0.321767,0.323152,0.684511,7.123916,42.441207
1.645000,865.700626,887.343142,765.518969,10.539161,0.979527,0.979527,0.974875,4.660161,632.176581,5.635036,0.243640,0.354407,0.355932,0.684511,7.846569,46.746463
1.960000,1116.977285,1144.901717,828.976839,13.598238,0.979527,0.979527,1.161553,4.586524,530.576773,5.748077,0.263836,0.383786,0.385438,0.684511,8.497013,50.621522
2.275000,1387.363534,1422.047623,887.080436,16.889958,0.979527,0.979527,1.348232,4.524801,457.112297,5.873033,0.282329,0.410685,0.412453,0.684511,9.092574,54.169621
2.590000,1675.359043,1717.243019,940.940707,20.396056,0.979527,0.979527,1.534910,4.471772,401.517558,6.006682,0.299471,0.435621,0.437496,0.684511,9.644642,57.458602
2.905000,1979.756188,2029.250092,991.333310,24.101830,0.979527,0.979527,1.721588,4.425356,357.979510,6.146944,0.315509,0.458951,0.460926,0.684511,10.161166,60.535829
3.220000,2299.556321,2357.045229,1038.824793,27.995121,0.979527,0.979527,1.908266,4.384132,322.959775,6.292398,0.330624,0.480937,0.483008,0.684511,10.647954,63.435900
3.535000,2633.916097,2699.764000,1083.843670,32.065664,0.979527,0.979527,2.094944,4.347091,294.181181,6.442036,0.344952,0.501779,0.503939,0.684511,11.109398,66.184980
3.850000,2982.111269,3056.664051,1126.723212,36.304641,0.979527,0.979527,2.281623,4.313489,270.111812,6.595111,0.358599,0.521631,0.523876,0.684511,11.548913,68.803422
4.165000,3343.511268,3427.099050,1167.728588,40.704375,0.979527,0.979527,2.468301,4.282760,249.683187,6.751061,0.371650,0.540615,0.542942,0.684511,11.969218,71.307418
4.480000,3717.560765,3810.499784,1207.074816,45.258107,0.979527,0.979527,2.654979,4.254468,232.127338,6.909447,0.384173,0.558831,0.561236,0.684511,12.372517,73.710098
4.795000,4103.765928,4206.360077,1244.939071,49.959822,0.979527,0.979527,2.841657,4.228268,216.878097,7.069925,0.396223,0.576361,0.578842,0.684511,12.760625,76.022281
5.110000,4501.683950,4614.226049,1281.469365,54.804132,0.979527,0.979527,3.028335,4.203881,203.508899,7.232217,0.407850,0.593273,0.595827,0.684511,13.135061,78.253005
5.425000,4910.914899,5033.687772,1316.790828,59.786167,0.979527,0.979527,3.215014,4.181083,191.692254,7.396096,0.419092,0.609625,0.612250,0.684511,13.497106,80.409913
5.740000,5331.095280,5464.372662,1351.010360,64.901502,0.979527,0.979527,3.401692,4.159684,181.172557,7.561376,0.429983,0.625468,0.628160,0.684511,13.847856,82.499530
6.055000,5761.892869,5905.940191,1384.220124,70.146092,0.979527,0.979527,3.588370,4.139530,171.747395,7.727901,0.440552,0.640843,0.643601,0.684511,14.188256,84.527487
6.370000,6203.002514,6358.077577,1416.500238,75.516223,0.979527,0.979527,3.775048,4.120489,163.254392,7.895538,0.450826,0.655787,0.658610,0.684511,14.519127,86.498674
6.685000,6654.142679,6820.496246,1447.920858,81.008467,0.979527,0.979527,3.961727,4.102449,155.561776,8.064175,0.460826,0.670334,0.673219,0.684511,14.841189,88.417376
7.000000,7115.052579,7292.928893,1478.543822,86.619649,0.979527,0.979527,4.148405,4.085312,148.561496,8.233717,0.470572,0.684511,0.687458,0.684511,15.155074,90.287369
