station_x_m,z=-6.250,z=-5.625,z=-5.000,z=-4.375,z=-3.750,z=-3.125,z=-2.500,z=-1.875,z=-1.250,z=-0.625,z=0.000
-50.0000,0.00000,0.00000,0.00000,0.00000,0.00000,0.00000,0.00000,0.00000,0.00000,0.00000,0.00000
-45.0000,0.00000,0.18050,0.34200,0.48450,0.60800,0.71250,0.79800,0.86450,0.91200,0.94050,0.95000
-40.0000,0.00000,0.34200,0.64800,0.91800,1.15200,1.35000,1.51200,1.63800,1.72800,1.78200,1.80000
-35.0000,0.00000,0.48450,0.91800,1.30050,1.63200,1.91250,2.14200,2.32050,2.44800,2.52450,2.55000
-30.0000,0.00000,0.60800,1.15200,1.63200,2.04800,2.40000,2.68800,2.91200,3.07200,3.16800,3.20000
-25.0000,0.00000,0.71250,1.35000,1.91250,2.40000,2.81250,3.15000,3.41250,3.60000,3.71250,3.75000
-20.0000,0.00000,0.79800,1.51200,2.14200,2.68800,3.15000,3.52800,3.82200,4.03200,4.15800,4.20000
-15.0000,0.00000,0.86450,1.63800,2.32050,2.91200,3.41250,3.82200,4.14050,4.36800,4.50450,4.55000
-10.0000,0.00000,0.91200,1.72800,2.44800,3.07200,3.60000,4.03200,4.36800,4.60800,4.75200,4.80000
-5.0000,0.00000,0.94050,1.78200,2.52450,3.16800,3.71250,4.15800,4.50450,4.75200,4.90050,4.95000
0.0000,0.00000,0.95000,1.80000,2.55000,3.20000,3.75000,4.20000,4.55000,4.80000,4.95000,5.00000
5.0000,0.00000,0.94050,1.78200,2.52450,3.16800,3.71250,4.15800,4.50450,4.75200,4.90050,4.95000
10.0000,0.00000,0.91200,1.72800,2.44800,3.07200,3.60000,4.03200,4.36800,4.60800,4.75200,4.80000
15.0000,0.00000,0.86450,1.63800,2.32050,2.91200,3.41250,3.82200,4.14050,4.36800,4.50450,4.55000
20.0000,0.00000,0.79800,1.51200,2.14200,2.68800,3.15000,3.52800,3.82200,4.03200,4.15800,4.20000
25.0000,0.00000,0.71250,1.35000,1.91250,2.40000,2.81250,3.15000,3.41250,3.60000,3.71250,3.75000
30.0000,0.00000,0.60800,1.15200,1.63200,2.04800,2.40000,2.68800,2.91200,3.07200,3.16800,3.20000
35.0000,0.00000,0.48450,0.91800,1.30050,1.63200,1.91250,2.14200,2.32050,2.44800,2.52450,2.55000
40.0000,0.00000,0.34200,0.64800,0.91800,1.15200,1.35000,1.51200,1.63800,1.72800,1.78200,1.80000
45.0000,0.00000,0.18050,0.34200,0.48450,0.60800,0.71250,0.79800,0.86450,0.91200,0.94050,0.95000
50.0000,0.00000,0.00000,0.00000,0.00000,0.00000,0.00000,0.00000,0.00000,0.00000,0.00000,0.00000
